Daft Punk,français
Dire Straits,anglais
Pink Floyd,anglais
The Rolling Stones,anglais
The Beatles,anglais
Eric Clapton,anglais
The Police,anglais
B.B King,américain
Depeche Mode,anglais
The Who,anglais
Queen,anglais
The Doors,américain
Arctic Monkeys,anglais
The Black Keys,américain
C2C,français
David Bowie,anglais
Deluxe,français
Eminem,américain
Gorillaz,anglais
Gun's N Roses,américain
Johnny Cash,américain
Justice,français
Muse,anglais
Oasis,anglais
Red Hot Chili Peppers,américain
Joe Dassin,français
Wiz Khalifa,américain
Georges Brassens,français
Bob Dylan,américain
